{
  "title": "Camel",
  "services": {
    "query": {
      "list": {
        "0": {
          "query": "event:completed",
          "alias": "",
          "color": "#7EB26D",
          "id": 0,
          "pin": false,
          "type": "lucene",
          "enable": true
        },
        "1": {
          "id": 1,
          "color": "#EAB839",
          "alias": "",
          "pin": false,
          "type": "lucene",
          "enable": true,
          "query": "event:failed"
        }
      },
      "ids": [
        0,
        1
      ]
    },
    "filter": {
      "list": {
        "0": {
          "type": "time",
          "field": "@timestamp",
          "from": "now-5m",
          "to": "now",
          "mandate": "must",
          "active": true,
          "alias": "",
          "id": 0
        }
      },
      "ids": [
        0
      ]
    }
  },
  "rows": [
    {
      "title": "Graph",
      "height": "150px",
      "editable": false,
      "collapse": false,
      "collapsable": true,
      "panels": [
        {
          "span": 6,
          "editable": false,
          "draggable": false,
          "group": [
            "default"
          ],
          "type": "histogram",
          "mode": "count",
          "time_field": "@timestamp",
          "value_field": null,
          "auto_int": true,
          "resolution": 100,
          "interval": "1s",
          "fill": 3,
          "linewidth": 3,
          "timezone": "browser",
          "spyable": false,
          "zoomlinks": true,
          "bars": true,
          "stack": true,
          "points": false,
          "lines": false,
          "legend": true,
          "x-axis": true,
          "y-axis": true,
          "percentage": false,
          "interactive": true,
          "queries": {
            "mode": "all",
            "ids": [
              0,
              1
            ]
          },
          "title": "Camel Events over time",
          "intervals": [
            "auto",
            "1s",
            "1m",
            "5m",
            "10m",
            "30m",
            "1h",
            "3h",
            "12h",
            "1d",
            "1w",
            "1M",
            "1y"
          ],
          "options": true,
          "tooltip": {
            "value_type": "individual",
            "query_as_alias": true
          },
          "scale": 1,
          "y_format": "none",
          "grid": {
            "max": null,
            "min": 0
          },
          "annotate": {
            "enable": false,
            "query": "*",
            "size": 20,
            "field": "_type",
            "sort": [
              "_score",
              "desc"
            ]
          },
          "pointradius": 5,
          "show_query": true,
          "legend_counts": true,
          "zerofill": true,
          "derivative": false
        },
        {
          "title": "Statistics",
          "error": false,
          "span": 2,
          "editable": false,
          "type": "terms",
          "loadingEditor": false,
          "field": "event",
          "exclude": [],
          "missing": false,
          "other": false,
          "size": 10,
          "order": "count",
          "style": {
            "font-size": "10pt"
          },
          "donut": false,
          "tilt": false,
          "labels": true,
          "arrangement": "horizontal",
          "chart": "pie",
          "counter_pos": "above",
          "spyable": false,
          "queries": {
            "mode": "all",
            "ids": [
              0,
              1
            ]
          },
          "tmode": "terms",
          "tstat": "total",
          "valuefield": "",
          "draggable": false
        },
        {
          "error": false,
          "span": 4,
          "editable": false,
          "draggable": false,
          "type": "column",
          "loadingEditor": false,
          "title": "Trends",
          "panels": [
            {
              "type": "trends",
              "ago": "1h",
              "arrangement": "horizontal",
              "reverse": false,
              "spyable": false,
              "queries": {
                "mode": "all",
                "ids": [
                  0,
                  1
                ]
              },
              "style": {
                "font-size": "14pt"
              },
              "title": "Last hour",
              "span": 12,
              "editable": false,
              "draggable": false
            },
            {
              "loading": false,
              "sizeable": false,
              "draggable": false,
              "editable": false,
              "removable": false,
              "span": 10,
              "height": "",
              "type": "trends",
              "ago": "1d",
              "arrangement": "horizontal",
              "reverse": false,
              "spyable": false,
              "queries": {
                "mode": "all",
                "ids": [
                  0,
                  1
                ]
              },
              "style": {
                "font-size": "14pt"
              },
              "title": "Last day"
            }
          ],
          "title": "Trends"
        }
      ],
      "notice": false
    },
    {
      "title": "",
      "height": "150px",
      "editable": false,
      "collapse": false,
      "collapsable": true,
      "panels": [
        {
          "title": "All Camel events",
          "error": false,
          "span": 12,
          "editable": false,
          "draggable": false,
          "group": [
            "default"
          ],
          "type": "table",
          "size": 100,
          "pages": 5,
          "offset": 0,
          "sort": [
            "@timestamp",
            "desc"
          ],
          "style": {
            "font-size": "9pt"
          },
          "overflow": "min-height",
          "fields": [
            "@timestamp",
            "host",
            "event",
            "exchange.routeId",
            "exchange.fromEndpoint",
            "exchange.id"
          ],
          "localTime": true,
          "timeField": "@timestamp",
          "highlight": [],
          "sortable": true,
          "header": true,
          "paging": true,
          "spyable": false,
          "queries": {
            "mode": "all",
            "ids": [
              0,
              1
            ]
          },
          "field_list": false,
          "status": "Stable",
          "trimFactor": 300,
          "normTimes": true,
          "all_fields": true
        }
      ],
      "notice": false
    }
  ],
  "editable": false,
  "failover": false,
  "index": {
    "interval": "day",
    "pattern": "[insight-]YYYY.MM.DD",
    "default": "NO_TIME_FILTER_OR_INDEX_PATTERN_NOT_MATCHED",
    "warm_fields": true
  },
  "style": "dark",
  "panel_hints": true,
  "pulldowns": [
    {
      "type": "query",
      "collapse": true,
      "notice": false,
      "query": "*",
      "pinned": true,
      "history": [
        "event:failed",
        "event:completed",
        "event:completed OR event:failed",
        "event:completed.failed"
      ],
      "remember": 10,
      "enable": true
    },
    {
      "type": "filtering",
      "collapse": true,
      "notice": true,
      "enable": true
    }
  ],
  "nav": [
    {
      "type": "timepicker",
      "collapse": false,
      "notice": false,
      "status": "Stable",
      "time_options": [
        "5m",
        "15m",
        "1h",
        "6h",
        "12h",
        "24h",
        "2d",
        "7d",
        "30d"
      ],
      "refresh_intervals": [
        "5s",
        "10s",
        "30s",
        "1m",
        "5m",
        "15m",
        "30m",
        "1h",
        "2h",
        "1d"
      ],
      "timefield": "@timestamp",
      "now": true,
      "filter_id": 0,
      "enable": true
    }
  ],
  "loader": {
    "save_gist": false,
    "save_elasticsearch": false,
    "save_local": false,
    "save_default": false,
    "save_temp": false,
    "save_temp_ttl_enable": false,
    "save_temp_ttl": "30d",
    "load_gist": false,
    "load_elasticsearch": false,
    "load_elasticsearch_size": 20,
    "load_local": false,
    "hide": false
  },
  "refresh": false
}