{
  "title": "Insight Logs",
  "services": {
    "query": {
      "list": {
        "0": {
          "query": "_type:log",
          "alias": "",
          "color": "#7EB26D",
          "id": 0,
          "pin": false,
          "type": "lucene",
          "enable": true
        }
      },
      "ids": [
        0
      ]
    },
    "filter": {
      "list": {
        "0": {
          "type": "time",
          "field": "@timestamp",
          "from": "now-24h",
          "to": "now",
          "mandate": "must",
          "active": true,
          "alias": "",
          "id": 0
        }
      },
      "ids": [
        0
      ]
    }
  },
  "rows": [
    {
      "title": "Graph",
      "height": "150px",
      "editable": false,
      "collapse": false,
      "collapsable": true,
      "panels": [
        {
          "span": 12,
          "editable": false,
          "group": [
            "default"
          ],
          "type": "histogram",
          "mode": "count",
          "time_field": "@timestamp",
          "value_field": null,
          "auto_int": true,
          "resolution": 100,
          "interval": "10m",
          "fill": 3,
          "linewidth": 3,
          "timezone": "browser",
          "spyable": false,
          "zoomlinks": true,
          "bars": true,
          "stack": true,
          "points": false,
          "lines": false,
          "legend": true,
          "x-axis": true,
          "y-axis": true,
          "percentage": false,
          "interactive": true,
          "queries": {
            "mode": "selected",
            "ids": [
              0
            ]
          },
          "title": "Log events over time",
          "intervals": [
            "auto",
            "1s",
            "1m",
            "5m",
            "10m",
            "30m",
            "1h",
            "3h",
            "12h",
            "1d",
            "1w",
            "1M",
            "1y"
          ],
          "options": true,
          "tooltip": {
            "value_type": "cumulative",
            "query_as_alias": true
          },
          "scale": 1,
          "y_format": "none",
          "grid": {
            "max": null,
            "min": 0
          },
          "annotate": {
            "enable": false,
            "query": "*",
            "size": 20,
            "field": "_type",
            "sort": [
              "_score",
              "desc"
            ]
          },
          "pointradius": 5,
          "show_query": true,
          "legend_counts": true,
          "zerofill": true,
          "derivative": false,
          "draggable": false
        }
      ],
      "notice": false
    },
    {
      "title": "Logs",
      "height": "350px",
      "editable": false,
      "collapse": false,
      "collapsable": false,
      "panels": [
        {
          "title": "All logs",
          "error": false,
          "span": 12,
          "editable": false,
          "group": [
            "default"
          ],
          "type": "table",
          "size": 100,
          "pages": 5,
          "offset": 0,
          "sort": [
            "@timestamp",
            "desc"
          ],
          "style": {
            "font-size": "9pt"
          },
          "overflow": "min-height",
          "fields": [
            "@timestamp",
            "level",
            "host",
            "logger",
            "message"
          ],
          "localTime": true,
          "timeField": "@timestamp",
          "highlight": [],
          "sortable": true,
          "header": true,
          "paging": true,
          "spyable": false,
          "queries": {
            "mode": "selected",
            "ids": [
              0
            ]
          },
          "field_list": false,
          "status": "Stable",
          "trimFactor": 300,
          "normTimes": true,
          "all_fields": false,
          "draggable": false
        }
      ],
      "notice": false
    }
  ],
  "editable": false,
  "failover": false,
  "index": {
    "interval": "day",
    "pattern": "[insight-]YYYY.MM.DD",
    "default": "NO_TIME_FILTER_OR_INDEX_PATTERN_NOT_MATCHED",
    "warm_fields": true
  },
  "style": "light",
  "panel_hints": true,
  "pulldowns": [
    {
      "type": "query",
      "collapse": true,
      "notice": false,
      "query": "*",
      "pinned": true,
      "history": [],
      "remember": 10,
      "enable": true
    },
    {
      "type": "filtering",
      "collapse": true,
      "notice": false,
      "enable": true
    }
  ],
  "nav": [
    {
      "type": "timepicker",
      "collapse": false,
      "notice": false,
      "status": "Stable",
      "time_options": [
        "5m",
        "15m",
        "1h",
        "6h",
        "12h",
        "24h",
        "2d",
        "7d",
        "30d"
      ],
      "refresh_intervals": [
        "5s",
        "10s",
        "30s",
        "1m",
        "5m",
        "15m",
        "30m",
        "1h",
        "2h",
        "1d"
      ],
      "timefield": "@timestamp",
      "now": true,
      "filter_id": 0,
      "enable": true
    }
  ],
  "loader": {
    "save_gist": false,
    "save_elasticsearch": false,
    "save_local": false,
    "save_default": false,
    "save_temp": false,
    "save_temp_ttl_enable": false,
    "save_temp_ttl": "30d",
    "load_gist": false,
    "load_elasticsearch": false,
    "load_elasticsearch_size": 20,
    "load_local": false,
    "hide": false
  },
  "refresh": false
}